name, method, class, f1_score
car,i,0,0.929982046679
car,i,1,0.093023255814
car,g,0,0.930481283422
car,g,1,0
